Change Type,Game Title,Game URL,Developer,Genre,Poki Release Date,Previous Period,Current Period
ADDED,Adopt Merge,https://poki.com/en/g/adopt-merge,Adgard,Puzzle Games,,2026-W40,2026-W41
ADDED,Anomaly Company,https://poki.com/en/g/anomaly-company,The Cheaters,New Games,,2026-W40,2026-W41
ADDED,Anthill Wars,https://poki.com/en/g/anthill-wars,Playrea,Simulation Games,,2026-W40,2026-W41
ADDED,Anvil Army,https://poki.com/en/g/anvil-army,Code Cluckers,New Games,,2026-W40,2026-W41
ADDED,Archers Road,https://poki.com/en/g/archers-road,Goolandia,New Games,,2026-W40,2026-W41
ADDED,backrooms Explorers,https://poki.com/en/g/backrooms-explorers,Skal,New Games,,2026-W40,2026-W41
ADDED,Bag Battle Units Clash,https://poki.com/en/g/bag-battle-units-clash,Mad Pixel Games LTD,New Games,,2026-W40,2026-W41
ADDED,Ball Connect: Color Dot Puzzle,https://poki.com/en/g/ball-connect-color-dot-puzzle,Matchingham Games,New Games,,2026-W40,2026-W41
ADDED,Basket Sort Puzzle Delivery Game,https://poki.com/en/g/basket-sort-puzzle-delivery-game,Yellow Flash Studios,New Games,,2026-W40,2026-W41
ADDED,Beach Business Empire,https://poki.com/en/g/beach-business-empire,Mindblow Games,New Games,,2026-W40,2026-W41
ADDED,Block Isle,https://poki.com/en/g/block-isle,Code Cluckers,New Games,,2026-W40,2026-W41
ADDED,Blocks And Blades,https://poki.com/en/g/blocks-and-blades,FancyHat,New Games,,2026-W40,2026-W41
ADDED,Boat Jam 3D,https://poki.com/en/g/boat-jam-3d,Yodco Media,New Games,,2026-W40,2026-W41
ADDED,Bomber Golf 3D,https://poki.com/en/g/bomber-golf-3d,whoopydoo,New Games,,2026-W40,2026-W41
ADDED,Brightrealm,https://poki.com/en/g/brightrealm,Vilimir Studio,New Games,,2026-W40,2026-W41
ADDED,Car Color Drift,https://poki.com/en/g/car-color-drift,KibagaOrg,New Games,,2026-W40,2026-W41
ADDED,Cat Sort,https://poki.com/en/g/cat-sort,Solaris Mobile,New Games,,2026-W40,2026-W41
ADDED,CharmBeasts: Catch & Craft,https://poki.com/en/g/charmbeasts-catch-craft,Fryos Studios,New Games,,2026-W40,2026-W41
ADDED,Chimefall,https://poki.com/en/g/chimefall,Nebylabs,New Games,,2026-W40,2026-W41
ADDED,Christmas Loop,https://poki.com/en/g/christmas-loop,CrispLoop Games,New Games,,2026-W40,2026-W41
ADDED,City Car Driver,https://poki.com/en/g/city-car-driver,Top Web Games,New Games,,2026-W40,2026-W41
ADDED,Color Time,https://poki.com/en/g/color-time,Peeps*,New Games,,2026-W40,2026-W41
ADDED,Cozy Farm Life,https://poki.com/en/g/cozy-farm-life,Pergamino Games,New Games,,2026-W40,2026-W41
ADDED,CrossRoad,https://poki.com/en/g/crossroad,Vectormonk,New Games,,2026-W40,2026-W41
ADDED,Crowns & Cannons,https://poki.com/en/g/crowns-cannons,Brainstorm,New Games,,2026-W40,2026-W41
ADDED,Cubeisl,https://poki.com/en/g/cubeisl,Playquark,New Games,,2026-W40,2026-W41
ADDED,Dress Up Merge,https://poki.com/en/g/dress-up-merge,Cassette Games,New Games,,2026-W40,2026-W41
ADDED,Drive In Cinema Idle Manager,https://poki.com/en/g/drive-in-cinema-idle-manager,Mad Pixel Games LTD,Simulation Games,,2026-W40,2026-W41
ADDED,Endless Gunner,https://poki.com/en/g/endless-gunner,Brainstorm,New Games,,2026-W40,2026-W41
ADDED,Epic Hero Quest,https://poki.com/en/g/epic-hero-quest,Kyiv Indie Titans,New Games,,2026-W40,2026-W41
ADDED,Face Play,https://poki.com/en/g/face-play,Ercin,New Games,,2026-W40,2026-W41
ADDED,Fast Crash,https://poki.com/en/g/fast-crash,Game Love,New Games,,2026-W40,2026-W41
ADDED,Fat Cat,https://poki.com/en/g/fat-cat-25f655b0,StoreRider,New Games,,2026-W40,2026-W41
ADDED,Fish in the Sky,https://poki.com/en/g/fish-in-the-sky,Airicore,New Games,,2026-W40,2026-W41
ADDED,Flying Car Simulator,https://poki.com/en/g/flying-car-simulator-3c86bf16,Yes2Games,New Games,,2026-W40,2026-W41
ADDED,Fold,https://poki.com/en/g/fold,Inkline Studios,New Games,,2026-W40,2026-W41
ADDED,From egg to bird,https://poki.com/en/g/from-egg-to-bird,Valnat,New Games,,2026-W40,2026-W41
ADDED,FROOGOO,https://poki.com/en/g/froogoo,Skal,Adventure Games,,2026-W40,2026-W41
ADDED,GEARS War Machine,https://poki.com/en/g/gears-war-machine,Mad Pixel Games LTD,New Games,,2026-W40,2026-W41
ADDED,Gorilla Smash,https://poki.com/en/g/gorilla-smash,Saturn Games,New Games,,2026-W40,2026-W41
ADDED,Gummy Rings,https://poki.com/en/g/gummy-rings,Be Nice games,New Games,,2026-W40,2026-W41
ADDED,Hexa Drop,https://poki.com/en/g/hexa-drop,Nettools,New Games,,2026-W40,2026-W41
ADDED,Highway Racing,https://poki.com/en/g/highway-racing,LightDev,New Games,,2026-W40,2026-W41
ADDED,Highway Traffic Racer,https://poki.com/en/g/highway-traffic-racer,Alpha Games,New Games,,2026-W40,2026-W41
ADDED,Home Destroyer_Super Villain Simulator,https://poki.com/en/g/home-destroyersuper-villain-simulator,This is RG,New Games,,2026-W40,2026-W41
ADDED,Icerival,https://poki.com/en/g/icerival,Nebylabs,New Games,,2026-W40,2026-W41
ADDED,Idle Construction 3D,https://poki.com/en/g/idle-construction-3d,Sablo Studio,New Games,,2026-W40,2026-W41
ADDED,Idle Pocket Planet,https://poki.com/en/g/idle-pocket-planet,Little Sasquatch,Idle Games,,2026-W40,2026-W41
ADDED,Impossible Freekick,https://poki.com/en/g/impossible-freekick,Unico Studio,New Games,,2026-W40,2026-W41
ADDED,Infinite Golf,https://poki.com/en/g/infinite-golf,Brothers Make Games,New Games,,2026-W40,2026-W41
ADDED,Jelly Huddle,https://poki.com/en/g/jelly-huddle,Low Level Lizard,New Games,,2026-W40,2026-W41
ADDED,Jigsaw Drop & Sort,https://poki.com/en/g/jigsaw-drop-sort-7a9586cf,Potato Jam,New Games,,2026-W40,2026-W41
ADDED,Just Survive,https://poki.com/en/g/just-survive,AlexSo,New Games,,2026-W40,2026-W41
ADDED,King Rush,https://poki.com/en/g/king-rush,Saturn Games,New Games,,2026-W40,2026-W41
ADDED,Leaf It Alone,https://poki.com/en/g/leaf-it-alone,FunGAMES,New Games,,2026-W40,2026-W41
ADDED,Lineguard,https://poki.com/en/g/lineguard,Lineguard,New Games,,2026-W40,2026-W41
ADDED,Low Tide,https://poki.com/en/g/low-tide,KEKA Games,New Games,,2026-W40,2026-W41
ADDED,Lumberjack: Driver Simulator,https://poki.com/en/g/lumberjack-driver-simulator,Sablo Studio,New Games,,2026-W40,2026-W41
ADDED,Magnet Golf,https://poki.com/en/g/magnet-golf,Omega Software Solutions,New Games,,2026-W40,2026-W41
ADDED,Merge Idle War,https://poki.com/en/g/merge-idle-war,Hyperg8,New Games,,2026-W40,2026-W41
ADDED,Mills,https://poki.com/en/g/mills,Stéphane Bottin,New Games,,2026-W40,2026-W41
ADDED,My Aqua Park Idle Water Tycoon,https://poki.com/en/g/my-aqua-park-idle-water-tycoon,Tapfire,New Games,,2026-W40,2026-W41
ADDED,One Cue - Trick Shot,https://poki.com/en/g/one-cue-trick-shot,Esquyna Games,New Games,,2026-W40,2026-W41
ADDED,Ooops! Screwed,https://poki.com/en/g/ooops-screwed,Hypnocat Studio,New Games,,2026-W40,2026-W41
ADDED,Park the Truck Master,https://poki.com/en/g/park-the-truck-master,Plogames,New Games,,2026-W40,2026-W41
ADDED,Pass or Blast,https://poki.com/en/g/pass-or-blast,AmApps,New Games,,2026-W40,2026-W41
ADDED,Picnic Raid,https://poki.com/en/g/picnic-raid,Vent Creative Studios,New Games,,2026-W40,2026-W41
ADDED,Pipe My Tank,https://poki.com/en/g/pipe-my-tank,Hooah Studio,New Games,,2026-W40,2026-W41
ADDED,PixaSlide,https://poki.com/en/g/pixaslide,Seal Unicorn Games,New Games,,2026-W40,2026-W41
ADDED,Pixellent,https://poki.com/en/g/pixellent,Seal Unicorn Games,New Games,,2026-W40,2026-W41
ADDED,Platypus Coffee,https://poki.com/en/g/platypus-coffee,Plampstudio,Simulation Games,,2026-W40,2026-W41
ADDED,Polish Party,https://poki.com/en/g/polish-party,AysuLulu,New Games,,2026-W40,2026-W41
ADDED,POP POP!,https://poki.com/en/g/pop-pop-01b4d2c0,BauRawson,New Games,,2026-W40,2026-W41
ADDED,Ragdoll Love,https://poki.com/en/g/ragdoll-love,Hypnocat Studio,New Games,,2026-W40,2026-W41
ADDED,Reef & Reel,https://poki.com/en/g/reef-reel,Antrias Games,New Games,,2026-W40,2026-W41
ADDED,Ring Blast !,https://poki.com/en/g/ring-blast,ManhCuongLucas,New Games,,2026-W40,2026-W41
ADDED,Rocket Ball Arena,https://poki.com/en/g/rocket-ball-arena,Playrea,New Games,,2026-W40,2026-W41
ADDED,Rope Man,https://poki.com/en/g/rope-man-d34b4ff6,skarb,New Games,,2026-W40,2026-W41
ADDED,Sausage,https://poki.com/en/g/sausage,Glorp,New Games,,2026-W40,2026-W41
ADDED,Save the Puppy – Remove the Screws,https://poki.com/en/g/save-the-puppy-remove-the-screws,Prime,New Games,,2026-W40,2026-W41
ADDED,Scary Teacher Stone Age,https://poki.com/en/g/scary-teacher-stone-age,ZnK Games,New Games,,2026-W40,2026-W41
ADDED,Serpent Siege,https://poki.com/en/g/serpent-siege,99ersstudio,New Games,,2026-W40,2026-W41
ADDED,Skelly Rush,https://poki.com/en/g/skelly-rush,Anawan,New Games,,2026-W40,2026-W41
ADDED,Slidy match,https://poki.com/en/g/slidy-match,Petithomme,New Games,,2026-W40,2026-W41
ADDED,Snake Island,https://poki.com/en/g/snake-island,Snake Island,Action Games,,2026-W40,2026-W41
ADDED,SOL OPS,https://poki.com/en/g/sol-ops,SOLPOP,New Games,,2026-W40,2026-W41
ADDED,Store Master Match&Sell,https://poki.com/en/g/store-master-matchsell,Be Nice games,New Games,,2026-W40,2026-W41
ADDED,String Cut,https://poki.com/en/g/string-cut,Nettools,New Games,,2026-W40,2026-W41
ADDED,Sudsy Snouts,https://poki.com/en/g/sudsy-snouts,LMB Studio,New Games,,2026-W40,2026-W41
ADDED,Sunshine Pursuit,https://poki.com/en/g/sunshine-pursuit,whoopydoo,New Games,,2026-W40,2026-W41
ADDED,Superhero Simulator,https://poki.com/en/g/superhero-simulator,Saturn Games,New Games,,2026-W40,2026-W41
ADDED,Tailgrab FREESKATER,https://poki.com/en/g/tailgrab-freeskater,Colyseus,New Games,,2026-W40,2026-W41
ADDED,Talking Tom Candy Run,https://poki.com/en/g/talking-tom-candy-run,Outfit7,New Games,,2026-W40,2026-W41
ADDED,TerraSpace,https://poki.com/en/g/terraspace,Niko,New Games,,2026-W40,2026-W41
ADDED,The Lines We Draw,https://poki.com/en/g/the-lines-we-draw,Glorp,New Games,,2026-W40,2026-W41
ADDED,Tic Tac Shot,https://poki.com/en/g/tic-tac-shot,Visiogon,New Games,,2026-W40,2026-W41
ADDED,Tiny Witch Shop — Cozy Sorting Puzzle,https://poki.com/en/g/tiny-witch-shop-cozy-sorting-puzzle,Fryos Studios,New Games,,2026-W40,2026-W41
ADDED,Titan Surge: Robot City,https://poki.com/en/g/titan-surge-robot-city,Kerem Gönen,New Games,,2026-W40,2026-W41
ADDED,Tornado,https://poki.com/en/g/tornado-00c9d9fd,Kreativitas,New Games,,2026-W40,2026-W41
ADDED,Traffic Scribble,https://poki.com/en/g/traffic-scribble,LongStar,New Games,,2026-W40,2026-W41
ADDED,Uninstall Humanity,https://poki.com/en/g/uninstall-humanity,Bilbo Studios,New Games,,2026-W40,2026-W41
ADDED,Voxel Strike,https://poki.com/en/g/voxel-strike,Saiss,New Games,,2026-W40,2026-W41
ADDED,War of Mythology,https://poki.com/en/g/war-of-mythology,Duper,New Games,,2026-W40,2026-W41
ADDED,Warren: 3D Maze Chase,https://poki.com/en/g/warren-3d-maze-chase,Lampbox,New Games,,2026-W40,2026-W41
ADDED,Wiggly Worm Snake Puzzle,https://poki.com/en/g/wiggly-worm-snake-puzzle,Pixo Labs,New Games,,2026-W40,2026-W41
ADDED,Witch and Prince,https://poki.com/en/g/witch-and-prince,Plot Interactive,New Games,,2026-W40,2026-W41
ADDED,Wood Factory,https://poki.com/en/g/wood-factory-65fcc72e,Sablo Studio,Simulation Games,,2026-W40,2026-W41
ADDED,Zoomaze!,https://poki.com/en/g/zoomaze,Gizmolabz,New Games,,2026-W40,2026-W41
REMOVED,Abyss Knight,https://poki.com/en/g/abyss-knight,ZAMES,New Games,,2026-W40,2026-W41
REMOVED,Animals Power Battle,https://poki.com/en/g/animals-power-battle,UpZini,New Games,,2026-W40,2026-W41
REMOVED,Anomaly Airport,https://poki.com/en/g/anomaly-airport,ZAMES,New Games,,2026-W40,2026-W41
REMOVED,Aura Farm Run,https://poki.com/en/g/aura-farm-run,Nineties Games,New Games,,2026-W40,2026-W41
REMOVED,Backroad Drift,https://poki.com/en/g/backroad-drift,PhoDev,New Games,,2026-W40,2026-W41
REMOVED,Brainrot Fusion Lab,https://poki.com/en/g/brainrot-fusion-lab,whoopydoo,New Games,,2026-W40,2026-W41
REMOVED,Bubble Gum,https://poki.com/en/g/bubble-gum,Playerthree,New Games,,2026-W40,2026-W41
REMOVED,Bullet Bonanza,https://poki.com/en/g/bullet-bonanza-6451a5e8,Kiloo,New Games,,2026-W40,2026-W41
REMOVED,Bus Simulator,https://poki.com/en/g/bus-simulator,Cassette Games,New Games,,2026-W40,2026-W41
REMOVED,Cat Connect,https://poki.com/en/g/cat-connect,Solaris Mobile,New Games,,2026-W40,2026-W41
REMOVED,Chess Arena,https://poki.com/en/g/chess-arena,Unico Studio,New Games,,2026-W40,2026-W41
REMOVED,Clean Slate,https://poki.com/en/g/clean-slate,Vedia Games,First Person Shooter Games,,2026-W40,2026-W41
REMOVED,CleanStreets,https://poki.com/en/g/cleanstreets,MARIN Games,New Games,,2026-W40,2026-W41
REMOVED,Click the Boss,https://poki.com/en/g/click-the-boss,Espada Studio,New Games,,2026-W40,2026-W41
REMOVED,Coloured Doors,https://poki.com/en/g/coloured-doors,Polus,New Games,,2026-W40,2026-W41
REMOVED,Deep Fortress,https://poki.com/en/g/deep-fortress,ZAMES,New Games,,2026-W40,2026-W41
REMOVED,Double Split,https://poki.com/en/g/double-split,MARIN Games,New Games,,2026-W40,2026-W41
REMOVED,Dragon Rage,https://poki.com/en/g/dragon-rage,Saturn Games,New Games,,2026-W40,2026-W41
REMOVED,Drift Away,https://poki.com/en/g/drift-away,FYG,New Games,,2026-W40,2026-W41
REMOVED,Farmart,https://poki.com/en/g/farmart,Kzunec Games,New Games,,2026-W40,2026-W41
REMOVED,Fish Out Of Water,https://poki.com/en/g/fish-out-of-water,Yes2Games,Fish Games,,2026-W40,2026-W41
REMOVED,Fort Knockout,https://poki.com/en/g/fort-knockout,Decha Games,New Games,,2026-W40,2026-W41
REMOVED,Gaz Station Simulator,https://poki.com/en/g/gaz-station-simulator,Paquam,New Games,,2026-W40,2026-W41
REMOVED,"Good Luck, Truck!",https://poki.com/en/g/good-luck-truck,Marev Games,New Games,,2026-W40,2026-W41
REMOVED,Guardians of the Tower,https://poki.com/en/g/guardians-of-the-tower,Tech Nova,New Games,,2026-W40,2026-W41
REMOVED,Hex Score,https://poki.com/en/g/hex-score,Momo Games,New Games,,2026-W40,2026-W41
REMOVED,Hide and Seek: Cat Escape!,https://poki.com/en/g/hide-and-seek-cat-escape,usaya,New Games,,2026-W40,2026-W41
REMOVED,Incremental Racing,https://poki.com/en/g/incremental-racing,Prime,New Games,,2026-W40,2026-W41
REMOVED,Just Mini Golf,https://poki.com/en/g/just-mini-golf,Nour Alhajali,New Games,,2026-W40,2026-W41
REMOVED,Keeper Chaos,https://poki.com/en/g/keeper-chaos,Thunderbirds,New Games,,2026-W40,2026-W41
REMOVED,Kitty CATapult,https://poki.com/en/g/kitty-catapult,Hillcrest Games,New Games,,2026-W40,2026-W41
REMOVED,Knockout Hunter,https://poki.com/en/g/knockout-hunter,Invent4.com,New Games,,2026-W40,2026-W41
REMOVED,Leaf Baron,https://poki.com/en/g/leaf-baron,jerry's developments,New Games,,2026-W40,2026-W41
REMOVED,Loop Line Miner,https://poki.com/en/g/loop-line-miner,PhoDev,New Games,,2026-W40,2026-W41
REMOVED,Magnet Fishing,https://poki.com/en/g/magnet-fishing,Decha Games,New Games,,2026-W40,2026-W41
REMOVED,Match the color!,https://poki.com/en/g/match-the-color,Boop Games,New Games,,2026-W40,2026-W41
REMOVED,Mine And Pickaxe,https://poki.com/en/g/mine-and-pickaxe,emolingo games,New Games,,2026-W40,2026-W41
REMOVED,Mini Garage,https://poki.com/en/g/mini-garage,Playrea,New Games,,2026-W40,2026-W41
REMOVED,Mini GP Racers,https://poki.com/en/g/mini-gp-racers,Jiru Games,New Games,,2026-W40,2026-W41
REMOVED,MiniChase,https://poki.com/en/g/minichase,Toonminator,New Games,,2026-W40,2026-W41
REMOVED,Moto Havoc: Bike Battle,https://poki.com/en/g/moto-havoc-bike-battle,Kerem Gönen,New Games,,2026-W40,2026-W41
REMOVED,One Shot Soccer,https://poki.com/en/g/one-shot-soccer,Finz Games,New Games,,2026-W40,2026-W41
REMOVED,Paper Empire,https://poki.com/en/g/paper-empire,ManhCuongLucas,New Games,,2026-W40,2026-W41
REMOVED,Paper Trench,https://poki.com/en/g/paper-trench,Valnat,New Games,,2026-W40,2026-W41
REMOVED,Pet The Cat,https://poki.com/en/g/pet-the-cat,Kyiv Indie Titans,New Games,,2026-W40,2026-W41
REMOVED,Picture Puzzle,https://poki.com/en/g/picture-puzzle,Dragon Labs,New Games,,2026-W40,2026-W41
REMOVED,Pirates.io,https://poki.com/en/g/piratesio,Bilbo Studios,New Games,,2026-W40,2026-W41
REMOVED,Plant A Pet,https://poki.com/en/g/plant-a-pet,Airicore,New Games,,2026-W40,2026-W41
REMOVED,Potato Power = Zombie in Trouble,https://poki.com/en/g/potato-power-zombie-in-trouble,Kyiv Indie Titans,New Games,,2026-W40,2026-W41
REMOVED,Pottery DIY,https://poki.com/en/g/pottery-diy,Boop Games,New Games,,2026-W40,2026-W41
REMOVED,PrisonEscape.io,https://poki.com/en/g/prisonescapeio,NISHAD GAMES,New Games,,2026-W40,2026-W41
REMOVED,Rebel Maker,https://poki.com/en/g/rebel-maker,Federico Calchera,New Games,,2026-W40,2026-W41
REMOVED,Serendipity Match,https://poki.com/en/g/serendipity-match,Marev Games,New Games,,2026-W40,2026-W41
REMOVED,Slime Flow,https://poki.com/en/g/slime-flow,Geektales Games,New Games,,2026-W40,2026-W41
REMOVED,Sling King,https://poki.com/en/g/sling-king,Yodco Media,New Games,,2026-W40,2026-W41
REMOVED,Stealth Shooter,https://poki.com/en/g/stealth-shooter,Prime,New Games,,2026-W40,2026-W41
REMOVED,Stickman Hitman,https://poki.com/en/g/stickman-hitman,Vanorium,New Games,,2026-W40,2026-W41
REMOVED,Store Master: Merge & Serve,https://poki.com/en/g/store-master-merge-serve,Be Nice games,New Games,,2026-W40,2026-W41
REMOVED,Super Soccer,https://poki.com/en/g/super-soccer,WeLoPlay,New Games,,2026-W40,2026-W41
REMOVED,Talking Angela’s Style Studio,https://poki.com/en/g/talking-angelas-style-studio,Outfit7,New Games,,2026-W40,2026-W41
REMOVED,Tank vs Blocks,https://poki.com/en/g/tank-vs-blocks,Shator,New Games,,2026-W40,2026-W41
REMOVED,Tap Tap Tempo,https://poki.com/en/g/tap-tap-tempo,Party Time,New Games,,2026-W40,2026-W41
REMOVED,Touchdown Rush,https://poki.com/en/g/touchdown-rush-c1db8067,Unico Studio,New Games,,2026-W40,2026-W41
REMOVED,Train 2048,https://poki.com/en/g/train-2048,Unico Studio,New Games,,2026-W40,2026-W41
REMOVED,Train Attack Merge War,https://poki.com/en/g/train-attack-merge-war,Mad Pixel Games LTD,New Games,,2026-W40,2026-W41
REMOVED,New Games,https://poki.com/en/g/traindigger,,,,2026-W40,2026-W41
REMOVED,Turbo Trail,https://poki.com/en/g/turbo-trail,Tejas Anil Shrimali,New Games,,2026-W40,2026-W41
REMOVED,Vacuum Vendetta,https://poki.com/en/g/vacuum-vendetta,Vendetta Mood Studios,New Games,,2026-W40,2026-W41
REMOVED,Village Defense: Zombies,https://poki.com/en/g/village-defense-zombies,Saturn Games,New Games,,2026-W40,2026-W41
REMOVED,Weapon Toss,https://poki.com/en/g/weapon-toss,Espada Studio,New Games,,2026-W40,2026-W41
REMOVED,Wild Crew,https://poki.com/en/g/wild-crew,Codefantasy,New Games,,2026-W40,2026-W41
REMOVED,Wolf Check-In,https://poki.com/en/g/wolf-checkin,Decha Games,New Games,,2026-W40,2026-W41
REMOVED,XO Tactics,https://poki.com/en/g/xo-tactics,LAK Games,New Games,,2026-W40,2026-W41
REMOVED,YarnMill,https://poki.com/en/g/yarnmill,Seal Unicorn Games,New Games,,2026-W40,2026-W41
